,Individual,NumRaces
0,Jacqueleen Albanese,7
4,Shani Bardach,7
136,Jimmy Wu,7
56,Sean Wolfe,7
1,David Bardach,7
58,Kimberly Allen,7
17,Cindy Glueck,6
34,Darrel LASELL,6
33,Cheryl Lasell,6
46,Kristina Siladi,6
49,Colin Smith,6
53,Michael Vecchiarelli,6
133,John Valentine,6
54,Jim Westrich,6
55,Chris Wolfe,6
37,John Murphy,6
18,David Glueck,6
69,Dan Collison,6
74,Katie Edwards,6
11,Kristen Esty,6
2,Jesse Bardach,6
3,Raphael Bardach,6
122,Helene Sisti,6
97,Patrick McCabe,6
60,Eran Assaf,5
102,Charles Morgan,5
41,Stephanie Papas,5
43,John Pomeroy,5
44,Victoria Pomeroy,5
50,Ramsey Steiner,5
47,Alistair Smith,5
51,Charles Trichtinger,5
109,Marie Parizo,5
92,Nicole Losavio,5
79,Jennifer Fullerton,5
128,Carey Stillman,5
106,palaniappan nagappan,5
36,Sean Meissner,5
14,katie faris,5
28,Tracy Hazen,4
59,Pedro Alvarez,4
38,Julia Neily,4
119,Ryan Scelza,4
117,Jesse Rodimon,4
105,John Murphy IV,4
111,Desislava Pomeroy,4
129,Sarah Swanson,4
93,Todd MacKenzie,4
31,Chizuko Horiuchi,4
32,Yusaku Horiuchi,4
63,Richard Brittain,4
91,Patrick Keane,3
9,Geoff Dunbar,3
62,Katie Barclay,3
83,Jeff Hafner,3
82,Shane Greene,3
115,Laurie Reed,3
77,Erin Flynn,3
94,CRAIG MANNING,3
98,Kaitlin McGowan,3
101,Tom Moore,3
52,Lindsay Trichtinger,3
130,Hannah Taska,3
57,Misha Advena,3
103,Robyn Mosher,2
138,William Young,2
35,Simon Long,2
100,Pam Moore,2
107,Amy Olson,2
137,Sarah Young,2
8,Gunner Currier,2
81,Thomas Gessner,2
42,Scott Pauw,2
30,Michael Herron,2
29,Melissa Herman,2
90,Robert Jones,2
86,Andrew Heilmann,2
113,Ginny Reed,2
114,Jeff Reed,2
16,William Finger,2
124,Donna Smyers,2
20,Betsy Gonnerman,2
12,Dylan Faris,2
64,William Brown,2
15,Megan Faris,2
121,Melinda Siranian,2
120,Sherry Sidney,2
13,Jason Faris,2
72,Denise Dabramo,2
71,Sarah craig,2
22,gabe grout,2
116,Paqua Render,2
10,Nancy Dunbar,2
118,John Saroyan,1
110,alyssa pearl,1
126,Amy Stansfield,1
131,Lydia Tucker,1
125,Rebecca Stanfield McCown,1
112,Niels Poulsen,1
108,Lauren Pallet,1
135,Simone Whitecloud,1
127,Kathleen Stewart,1
134,Dirk Vandewalle,1
123,Timothy Smith,1
132,Jane Tully,1
70,Rita Coppola,1
104,Jody Murphy,1
25,Ava Hayden,1
48,Charlotte Smith,1
45,Beth Prescott,1
40,Leah Nicholson,1
39,madison neily,1
27,Thomas Hayden,1
26,Matthew hayden,1
24,Kevin Hartstein,1
99,Rebecca McKinnon,1
23,Kari Grua,1
21,Michael Gonnerman,1
19,Sarah Glueck,1
7,Lisa Colgan,1
6,Kristen Coats,1
5,Yuki Burnett,1
61,Bruce Atwood,1
65,Jim Burnett,1
66,Charlie Buttrey,1
67,Kristie Carroll,1
68,emily cohen,1
73,Matt Delmont,1
75,Colleen Ericson,1
76,Erik Ferguson,1
78,Jen Frost,1
80,stacy Geller,1
84,Hilda Hardy,1
85,Laurie Heels,1
87,Lori Bliss Hill,1
88,Liba Hladik,1
89,Eric James,1
95,Michele Maxson,1
96,Sarah McBride,1
139,Jenna Zaldonis,1
